feature,coefficient
Perimeter,-2.4181258923173568
MinorAxisLength,1.0347992893139362
ConvexArea,-0.7078252206939081
MajorAxisLength,-0.7023138846367787
Area,-0.31872204226985545
Extent,0.08378678190739398
Eccentricity,-0.04790903178891737
